{"realtime_start": "2019-12-06", "seriess": [{"observation_end": "2019-09-01", "last_updated": "2019-11-15 09:11:04-06", "observation_start": "1992-01-01", "frequency": "Monthly", "seasonal_adjustment_short": "SA", "id": "MRTSSM44000USS", "realtime_start": "2019-12-06", "units": "Millions of Dollars", "units_short": "Mil. of $", "seasonal_adjustment": "Seasonally Adjusted", "title": "Retail Sales: Retail (Excluding Food Services)", "realtime_end": "2019-12-06", "frequency_short": "M", "notes": "The most recent month's value of the advance estimate based on data from a subsample of firms from the larger Monthly Retail Trade Survey is available at https://fred.stlouisfed.org/series/RSXFS\n\n Information about the Monthly Retail Trade Survey can be found on the Census website at https://www.census.gov/retail/mrts/about_the_surveys.html", "popularity": 17}], "realtime_end": "2019-12-06"}