{"realtime_start": "2019-12-06", "seriess": [{"observation_end": "2019-09-01", "last_updated": "2019-11-15 09:11:02-06", "observation_start": "1992-01-01", "frequency": "Monthly", "seasonal_adjustment_short": "SA", "id": "RETAILIRSA", "realtime_start": "2019-12-06", "units": "Ratio", "units_short": "Ratio", "seasonal_adjustment": "Seasonally Adjusted", "title": "Retailers: Inventories to Sales Ratio", "realtime_end": "2019-12-06", "frequency_short": "M", "notes": "The inventories to sales ratios show the relationship of the end-of-month values of inventory to the monthly sales. These ratios can be looked at as indications of the number of months of inventory that are on hand in relation to the sales for a month. For example, a ratio of 2.5 would indicate that the retail stores have enough merchandise on hand to cover two and a half months of sales.", "popularity": 42}], "realtime_end": "2019-12-06"}